<?xml version="1.0" encoding="UTF-8"?>
<config xmlns="http://www.knime.org/2008/09/XMLConfig" xmlns:xsi="http://www.w3.org/2001/XMLSchema-instance" xsi:schemaLocation="http://www.knime.org/2008/09/XMLConfig http://www.knime.org/XMLConfig_2008_09.xsd" key="viewRepresentation">
    <entry key="showWarningInView" type="xboolean" value="true"/>
    <entry key="imageWidth" type="xint" value="800"/>
    <entry key="imageHeight" type="xint" value="600"/>
    <entry key="resizeToWindow" type="xboolean" value="true"/>
    <entry key="displayFullscreenButton" type="xboolean" value="true"/>
    <entry key="minValue" type="xdouble" value="-1.0"/>
    <entry key="maxValue" type="xdouble" value="1.0"/>
    <entry key="enableViewConfiguration" type="xboolean" value="true"/>
    <entry key="enableTitleChange" type="xboolean" value="true"/>
    <entry key="enableColorModeEdit" type="xboolean" value="true"/>
    <entry key="enableShowToolTips" type="xboolean" value="true"/>
    <config key="threeColorGradient">
        <entry key="array-size" type="xint" value="3"/>
        <entry key="0" type="xstring" value="#CC0000"/>
        <entry key="1" type="xstring" value="#F7F7F7"/>
        <entry key="2" type="xstring" value="#0000CC"/>
    </config>
    <config key="discreteGradientColors">
        <entry key="array-size" type="xint" value="5"/>
        <entry key="0" type="xstring" value="#CC0000"/>
        <entry key="1" type="xstring" value="#DD6262"/>
        <entry key="2" type="xstring" value="#F7F7F7"/>
        <entry key="3" type="xstring" value="#9494E5"/>
        <entry key="4" type="xstring" value="#3131D4"/>
    </config>
    <entry key="numDiscreteColors" type="xint" value="5"/>
    <entry key="missingValueColor" type="xstring" value="#000000"/>
    <entry key="upperOutOfRangeColor" type="xstring" value="#000000"/>
    <entry key="lowerOutOfRangeColor" type="xstring" value="#000000"/>
    <config key="includedColumns">
        <entry key="array-size" type="xint" value="9"/>
        <entry key="0" type="xstring" value="Wellhead Temp. (C)"/>
        <entry key="1" type="xstring" value="Wellhead Press (psi)"/>
        <entry key="2" type="xstring" value="MMCFD- gas"/>
        <entry key="3" type="xstring" value="BOPD (barrel of oil produced per day)"/>
        <entry key="4" type="xstring" value="BWPD (barrel of water produced per day)"/>
        <entry key="5" type="xstring" value="BSW - basic solid and water (%)"/>
        <entry key="6" type="xstring" value="CO2 mol. (%) @ 25 C &amp; 1 Atm."/>
        <entry key="7" type="xstring" value="Gas Grav."/>
        <entry key="8" type="xstring" value="CR-corrosion defect"/>
    </config>
    <entry key="labelColumn" type="xstring" isnull="true" value=""/>
    <entry key="svgLabelColumn" type="xstring" isnull="true" value=""/>
    <entry key="enableSelection" type="xboolean" value="true"/>
    <entry key="selectionColumnName" type="xstring" value="Selected (Heatmap)"/>
    <entry key="showResetSelectionButton" type="xboolean" value="true"/>
    <entry key="enableShowSelectedRowsOnly" type="xboolean" value="true"/>
    <entry key="enablePaging" type="xboolean" value="true"/>
    <entry key="enablePageSizeChange" type="xboolean" value="true"/>
    <config key="allowedPageSizes">
        <entry key="array-size" type="xint" value="4"/>
        <entry key="0" type="xint" value="100"/>
        <entry key="1" type="xint" value="250"/>
        <entry key="2" type="xint" value="500"/>
        <entry key="3" type="xint" value="1000"/>
    </config>
    <entry key="enableShowAll" type="xboolean" value="false"/>
    <entry key="enableZoom" type="xboolean" value="true"/>
    <entry key="enablePanning" type="xboolean" value="true"/>
    <entry key="showZoomResetButton" type="xboolean" value="false"/>
    <entry key="dataTableId" type="xstring" value="73f389eb-3344-48f5-86d9-41baa34c7d46"/>
    <config key="filterIds">
        <entry key="array-size" type="xint" value="9"/>
        <entry key="0" type="xstring" isnull="true" value=""/>
        <entry key="1" type="xstring" isnull="true" value=""/>
        <entry key="2" type="xstring" isnull="true" value=""/>
        <entry key="3" type="xstring" isnull="true" value=""/>
        <entry key="4" type="xstring" isnull="true" value=""/>
        <entry key="5" type="xstring" isnull="true" value=""/>
        <entry key="6" type="xstring" isnull="true" value=""/>
        <entry key="7" type="xstring" isnull="true" value=""/>
        <entry key="8" type="xstring" isnull="true" value=""/>
    </config>
    <entry key="runningInView" type="xboolean" value="true"/>
</config>
