<?xml version="1.0" encoding="UTF-8"?>
<config xmlns="http://www.knime.org/2008/09/XMLConfig" xmlns:xsi="http://www.w3.org/2001/XMLSchema-instance" xsi:schemaLocation="http://www.knime.org/2008/09/XMLConfig http://www.knime.org/XMLConfig_2008_09.xsd" key="viewValue">
    <entry key="chartTitle" type="xstring" value="Correlation Matrix"/>
    <entry key="chartSubtitle" type="xstring" value=""/>
    <entry key="showToolTips" type="xboolean" value="false"/>
    <entry key="continuousGradient" type="xboolean" value="false"/>
    <config key="selection">
        <entry key="array-size" type="xint" value="0"/>
    </config>
    <entry key="publishSelection" type="xboolean" value="true"/>
    <entry key="subscribeSelection" type="xboolean" value="true"/>
    <entry key="subscribeFilter" type="xboolean" value="true"/>
    <entry key="showSelectedRowsOnly" type="xboolean" value="false"/>
    <entry key="initialPageSize" type="xint" value="100"/>
    <entry key="currentPage" type="xint" value="1"/>
    <entry key="zoomX" type="xdouble" value="0.0"/>
    <entry key="zoomY" type="xdouble" value="0.0"/>
    <entry key="zoomK" type="xdouble" value="1.0"/>
</config>
